variable,spearman_vs_disadvantage_z,p_value
posterior_mean_jobs,0.4698722203476888,8.047024467787839e-41
posterior_sd_log1p,-0.04488988290388396,0.22896254978784916
exceedance_prob_45min,-0.46694304018016236,2.860300399547355e-40
ci_width_log1p,-0.05897559263803835,0.11385333956414902
rank_det_vs_rank_bayes,0.9999758471049595,0.0
