variable,spearman_rho,p_value
posterior_mean_jobs,0.4698722203476887,8.04702446778784e-41
posterior_sd_log1p,-0.04488988290388396,0.22896254978784916
exceedance_prob_45min,-0.4669430401801623,2.8603003995474505e-40
p_transit_desert,-0.4669430401801623,2.8603003995474505e-40
