variable,spearman_rho,p_value
posterior_mean_jobs,0.4683226736424245,1.5763871453424035e-40
posterior_sd_log1p,-0.038534995652479836,0.30179608883205855
exceedance_prob_45min,-0.4356956037509433,1.024990417145312e-34
p_transit_desert,-0.4356956037509433,1.024990417145312e-34
