threshold_min,exceedance_median,exceedance_p10,exceedance_p90,exceedance_mean
30,0.0,0.0,0.004790625000000052,0.08801657986111111
45,3.125e-05,0.0,0.99996875,0.2500987847222222
60,0.725453125,0.0,1.0,0.5137414930555555
