strength,method,median_delta_log1p,median_delta_jobs
0.25,bayesian,0.772483893384169,797.7688302838789
0.25,deterministic,0.9636153484837428,516.7440318321622
0.5,bayesian,1.544967786768338,2524.9280176546345
0.5,deterministic,1.9272306969674855,1871.191266424537
0.75,bayesian,2.317451680152507,6264.363622159373
0.75,deterministic,2.8908460454512284,5421.38463415859
