scenario,spearman_exc_vs_disadv,n_crossings,pct_pop_moved_below_0p5,efficiency_crossings_per_target,delta_spearman_vs_baseline
baseline,-0.4669430401801623,0,0.0,0.0,0.0
A_bayesian,-0.46349894086543125,12,1.987973926622137,0.6,0.003444099314731053
B_deterministic,-0.4600098939859288,8,1.0847126777819696,0.4,0.006933146194233519
