variable,spearman_vs_disadvantage_z,p_value
posterior_mean_jobs,0.4675685246898885,2.1839820415628835e-40
posterior_sd_log1p,-0.03060693124519493,0.41219597621246457
exceedance_prob_45min,-0.43216112126800216,4.0123370082759115e-34
ci_width_log1p,-0.03166146019788212,0.39626942089773753
rank_det_vs_rank_bayes,0.9999960696287565,0.0
