variable,spearman_rho,p_value
posterior_mean_jobs,0.4662540128985288,1.8367055957153221e-40
posterior_sd_log1p,-0.021405726595124394,0.5647258179150371
exceedance_prob_45min,-0.3762650042361931,7.817375766711783e-26
p_transit_desert,-0.3762650042361931,7.817375766711783e-26
