model,elpd_loo,se
fit_raw_zscore_x,-523.9893301817613,24.47800163306551
