variable,spearman_rho,p_value
posterior_mean_jobs,0.5407338516474385,2.302646079016032e-56
posterior_sd_log1p,-0.1438757639239424,0.00010015267763333897
exceedance_prob_45min,-0.551606111414683,4.927613869719226e-59
p_transit_desert,-0.551606111414683,4.927613869719226e-59
