variable,spearman_rho,p_value
posterior_mean_jobs,0.4697515282230427,8.480759702464577e-41
posterior_sd_log1p,-0.0834965415147644,0.025060561635246295
exceedance_prob_45min,-0.44449049015237,3.2008719395030744e-36
p_transit_desert,-0.44449049015237,3.2008719395030744e-36
